description,familyMember,conflict,category,notes,dateChanged,mediaOutlet,link,sourceDate,headline
"",Donald Trump,"1290 Avenue Of The Americas, a Tenancy-In-Common",Active, "New York Times","https://www.nytimes.com/2016/08/21/us/politics/donald-trump-debt.html","08/20/2016","Trump’s Empire: A Maze of Debts and Opaque Ties"
"",Donald Trump,"China Trademark",Active, "CNN","https://www.cnn.com/2018/06/07/politics/court-case-emoluments-foreign-payments-federal-judge-trump-businesses/index.html","06/07/2018","Democratic lawmakers make their case in court to stop Trump business from accepting foreign payments"
"",Donald Trump,"China Trademark",Active, "New York Times","https://www.nytimes.com/2018/05/28/business/ivanka-trump-china-trademarks.html","05/28/2018","Ivanka Trump Wins China Trademarks, Then Her Father Vows to Save ZTE"
"",Donald Trump,"DJ Aerospace (Bermuda)",Active, "Washington Post","https://www.washingtonpost.com/business/economy/a-scramble-to-assess-the-dangers-of-president-elects-global-business-empire/2016/11/20/1bbdc2a2-ad18-11e6-a31b-4b6397e625d0_story.html","11/20/2016","A scramble to assess the dangers of President-elect Donald Trump’s global business empire"
"",Donald Trump,"Donald J. Trump Foundation",Active, "BuzzFeed","https://www.buzzfeed.com/paulmcleod/trump-foundation-received-150000-donation-in-exchange-for-20?utm_term=.hwJDzPkYww#.exE32wrn11","11/22/2016","Trump Foundation Received $150,000 Donation In Exchange For 2015 Ukraine Speech"
"",Donald Trump,"Donald J. Trump Foundation",Active, "CNN","https://edition.cnn.com/2018/06/19/politics/trump-foundation-q-and-a/","06/19/2018","Exactly how much trouble is the Trump Foundation in?"
"",Donald Trump,"Donald J. Trump Foundation",Active, "Forbes","https://www.forbes.com/sites/danalexander/2017/02/09/where-did-trumps-foundation-donate-its-money-irs-documents-reveal-surprising-answers/#4d1fcb907b52","02/09/2017","Where Did Trump's Foundation Donate Its Money? IRS Documents Reveal Surprising Answers"
"",Donald Trump,"Donald J. Trump Foundation",Active, "NBC","https://www.nbcnews.com/politics/donald-trump/new-york-attorney-general-sues-trump-foundation-what-might-happen-n883901","06/16/2018","New York attorney general sues Trump Foundation: What might happen next"
"",Donald Trump,"Donald J. Trump Foundation",Active, "New York Times","https://www.nytimes.com/2018/04/09/us/politics/trump-mueller-ukraine-victor-pinchuk.html","04/09/2018","Mueller Investigating Ukrainian’s $150,000 Payment for a Trump Appearance"
"",Donald Trump,"Donald J. Trump Foundation",Active, "NPR","https://www.npr.org/2018/06/14/619959270/new-yorks-attorney-general-sues-the-trump-foundation","06/14/2018","New York's Attorney General Sues The Trump Foundation"
"",Donald Trump,"Donald J. Trump Foundation",Active, "NPR","https://www.npr.org/2018/06/14/619974462/n-y-attorney-general-files-suit-against-trump-foundation","06/14/2018","N.Y. Attorney General Files Suit Against Trump Foundation"
"",Donald Trump,"Donald J. Trump Foundation",Active, "NPR","https://www.npr.org/2018/06/14/620103280/new-york-attorney-general-sues-trump-foundation-and-its-board-of-directors","06/14/2018","New York Attorney General Sues Trump Foundation And Its Board Of Directors"
"",Donald Trump,"Donald J. Trump Foundation",Active, "Washington Post","https://www.washingtonpost.com/politics/new-york-files-suit-against-president-trump-alleging-his-charity-engaged-in-illegal-conduct/2018/06/14/c3cbf71e-6fc9-11e8-bd50-b80389a4e569_story.html?utm_term=.4ceb5b79cb06","06/14/2018","New York files civil suit against President Trump, alleging his charity engaged in ‘illegal conduct’"
"",Donald Trump,"Donald J. Trump Revocable Trust",Active, "ProPublica","https://www.propublica.org/article/trump-pull-money-his-businesses-whenever-he-wants-without-telling-us","04/04/2017","Trump Lawyer Confirms President Can Pull Money From His Businesses Whenever He Wants"
"",Donald Trump,"DT Bali Golf Manager",Active, "New York Times","http://mobile.nytimes.com/2016/12/31/world/asia/indonesia-donald-trump-resort.html","12/31/2016","Trump's Indonesia Projects, Still Moving Ahead, Create Potential Conflicts"
"",Ivanka Trump,"DT Bali Golf Manager",Active, "New York Times","http://mobile.nytimes.com/2016/12/31/world/asia/indonesia-donald-trump-resort.html","12/31/2016","Trump's Indonesia Projects, Still Moving Ahead, Create Potential Conflicts"
"",Donald Trump,"DT Bali Hotel Manager",Active, "New York Times","http://mobile.nytimes.com/2016/12/31/world/asia/indonesia-donald-trump-resort.html","12/31/2016","Trump's Indonesia Projects, Still Moving Ahead, Create Potential Conflicts"
"",Ivanka Trump,"DT Bali Hotel Manager",Active, "New York Times","http://mobile.nytimes.com/2016/12/31/world/asia/indonesia-donald-trump-resort.html","12/31/2016","Trump's Indonesia Projects, Still Moving Ahead, Create Potential Conflicts"
"",Donald Trump,"DT Bali Technical Services Manager",Active, "New York Times","http://mobile.nytimes.com/2016/12/31/world/asia/indonesia-donald-trump-resort.html","12/31/2016","Trump's Indonesia Projects, Still Moving Ahead, Create Potential Conflicts"
"",Ivanka Trump,"DT Bali Technical Services Manager",Active, "New York Times","http://mobile.nytimes.com/2016/12/31/world/asia/indonesia-donald-trump-resort.html","12/31/2016","Trump's Indonesia Projects, Still Moving Ahead, Create Potential Conflicts"
"",Donald Trump,"DT Dubai Golf Manager",Active, "Construction Week Online","http://www.constructionweekonline.com/article-49557-cscec-lands-19m-damac-contract-for-dubais-akoya-oxygen/","06/10/2018","CSCEC lands $19m Damac contract for Dubai's Akoya Oxygen"
"",Donald Trump,"DT Dubai Golf Manager",Active, "McClatchy","http://www.mcclatchydc.com/news/politics-government/white-house/article172443417.html","09/01/2017","Trump promised not to work with foreign entities. His company just did"
"",Donald Trump,"DT Dubai Golf Manager",Active, "Press Release","https://www.damacproperties.com/en/media-centre/press-releases/damac-awards-infrastructure-works-contract-at-akoya-oxygen-to-cscec-as-construction-spend","06/10/2018","DAMAC awards infrastructure works contract at AKOYA Oxygen to CSCEC as construction spend tops AED 5.6 billion"
"",Donald Trump,"DT Dubai II Golf Manager",Active, "Construction Week Online","http://www.constructionweekonline.com/article-49557-cscec-lands-19m-damac-contract-for-dubais-akoya-oxygen/","06/10/2018","CSCEC lands $19m Damac contract for Dubai's Akoya Oxygen"
"",Donald Trump,"DT Dubai II Golf Manager",Active, "McClatchy","http://www.mcclatchydc.com/news/politics-government/white-house/article172443417.html","09/01/2017","Trump promised not to work with foreign entities. His company just did"
"",Donald Trump,"DT Dubai II Golf Manager",Active, "Press Release","https://www.damacproperties.com/en/media-centre/press-releases/damac-awards-infrastructure-works-contract-at-akoya-oxygen-to-cscec-as-construction-spend","06/10/2018","DAMAC awards infrastructure works contract at AKOYA Oxygen to CSCEC as construction spend tops AED 5.6 billion"
"",Ivanka Trump,"DT Dubai II Golf Manager",Active, "Construction Week Online","http://www.constructionweekonline.com/article-49557-cscec-lands-19m-damac-contract-for-dubais-akoya-oxygen/","06/10/2018","CSCEC lands $19m Damac contract for Dubai's Akoya Oxygen"
"",Ivanka Trump,"DT Dubai II Golf Manager",Active, "McClatchy","http://www.mcclatchydc.com/news/politics-government/white-house/article172443417.html","09/01/2017","Trump promised not to work with foreign entities. His company just did"
"",Ivanka Trump,"DT Dubai II Golf Manager",Active, "Press Release","https://www.damacproperties.com/en/media-centre/press-releases/damac-awards-infrastructure-works-contract-at-akoya-oxygen-to-cscec-as-construction-spend","06/10/2018","DAMAC awards infrastructure works contract at AKOYA Oxygen to CSCEC as construction spend tops AED 5.6 billion"
"",Donald Trump,"DT India Venture",Active, "Economic Times","http://economictimes.indiatimes.com/news/politics-and-nation/donald-trump-meets-indian-partners-hails-pm-modis-work/articleshow/55465060.cms","11/17/2016","Donald Trump meets Indian partners, hails PM Modi's work"
"",Donald Trump,"DT India Venture",Active, "Fox News","http://www.foxnews.com/politics/2018/02/21/trump-jr-steals-spotlight-from-canadas-trudeau-as-india-visits-coincide.html","02/20/2018","Trump Jr. steals spotlight from Canada's Trudeau as India visits coincide"
"",Donald Trump,"DT India Venture",Active, "New York Times","https://www.nytimes.com/2016/11/26/us/politics/donald-trump-international-business.html?_r=1","11/26/2016","Potential Conflicts Around the Globe for Trump, the Businessman President"
"",Donald Trump,"DT India Venture",Active, "The New Republic","https://newrepublic.com/article/147351/political-corruption-art-deal","03/21/2018","Political Corruption and the Art of the Deal How Trump's business partnerships in India are creating conflicts of interest in the White House and corrupting the presidency"
"",Donald Trump,"DT India Venture",Active, "Washington Post","https://www.washingtonpost.com/business/economy/a-scramble-to-assess-the-dangers-of-president-elects-global-business-empire/2016/11/20/1bbdc2a2-ad18-11e6-a31b-4b6397e625d0_story.html","11/20/2016","A scramble to assess the dangers of President-elect Donald Trump’s global business empire"
"",Donald Trump,"DT India Venture",Active, "Washington Post","https://www.washingtonpost.com/world/trump-jr-to-give-foreign-policy-speech-while-on-unofficial-business-trip-to-india/2018/02/19/37d00c37-d9e8-40c4-934b-0a26b8160dcd_story.html?utm_term=.8a66e23946b3","02/19/2018","Trump Jr. to give foreign policy speech while on ‘unofficial’ business trip to India"
"",Donald Trump,"DT Jeddah Technical Services Advisor",Active, "Washington Post","https://www.washingtonpost.com/business/economy/a-scramble-to-assess-the-dangers-of-president-elects-global-business-empire/2016/11/20/1bbdc2a2-ad18-11e6-a31b-4b6397e625d0_story.html","11/20/2016","A scramble to assess the dangers of President-elect Donald Trump’s global business empire"
"",Donald Trump,"DT Jeddah Technical Services Manager",Active, "Washington Post","https://www.washingtonpost.com/business/economy/a-scramble-to-assess-the-dangers-of-president-elects-global-business-empire/2016/11/20/1bbdc2a2-ad18-11e6-a31b-4b6397e625d0_story.html","11/20/2016","A scramble to assess the dangers of President-elect Donald Trump’s global business empire"
"",Donald Trump,"DT Lido Golf Manager",Active, "NPR","https://www.npr.org/2018/06/07/617310039/trump-organization-deals-in-asia-fuel-debate-on-emoluments-lawsuit","06/07/2018","Trump Organization Deals In Asia Fuel Debate On Emoluments Lawsuit"
"",Donald Trump,"DT Lido Golf Manager",Active, "Reuters","https://mobile.reuters.com/article/amp/idUSKCN1J12RP","06/05/2018","Exclusive: China's ZTE signed preliminary agreement to lift U.S. ban: sources"
"",Donald Trump,"DT Lido Golf Manager",Active, "Washington Post","https://www.washingtonpost.com/politics/trump-business-dealings-raises-serious-concerns-ethics-office-says/2018/06/22/b71de20a-7642-11e8-9780-b1dd6a09b549_story.html?utm_term=.6784ef6af365","06/23/2018","Trump business dealings raise ‘serious concerns,’ ethics office says"
"",Ivanka Trump,"DT Lido Golf Manager",Active, "NPR","https://www.npr.org/2018/06/07/617310039/trump-organization-deals-in-asia-fuel-debate-on-emoluments-lawsuit","06/07/2018","Trump Organization Deals In Asia Fuel Debate On Emoluments Lawsuit"
"",Ivanka Trump,"DT Lido Golf Manager",Active, "Reuters","https://mobile.reuters.com/article/amp/idUSKCN1J12RP","06/05/2018","Exclusive: China's ZTE signed preliminary agreement to lift U.S. ban: sources"
"",Ivanka Trump,"DT Lido Golf Manager",Active, "Washington Post","https://www.washingtonpost.com/politics/trump-business-dealings-raises-serious-concerns-ethics-office-says/2018/06/22/b71de20a-7642-11e8-9780-b1dd6a09b549_story.html?utm_term=.6784ef6af365","06/23/2018","Trump business dealings raise ‘serious concerns,’ ethics office says"
"",Donald Trump,"DT Lido Hotel Manager",Active, "NPR","https://www.npr.org/2018/06/07/617310039/trump-organization-deals-in-asia-fuel-debate-on-emoluments-lawsuit","06/07/2018","Trump Organization Deals In Asia Fuel Debate On Emoluments Lawsuit"
"",Donald Trump,"DT Lido Hotel Manager",Active, "Reuters","https://mobile.reuters.com/article/amp/idUSKCN1J12RP","06/05/2018","Exclusive: China's ZTE signed preliminary agreement to lift U.S. ban: sources"
"",Donald Trump,"DT Lido Hotel Manager",Active, "Washington Post","https://www.washingtonpost.com/politics/trump-business-dealings-raises-serious-concerns-ethics-office-says/2018/06/22/b71de20a-7642-11e8-9780-b1dd6a09b549_story.html?utm_term=.6784ef6af365","06/23/2018","Trump business dealings raise ‘serious concerns,’ ethics office says"
"",Ivanka Trump,"DT Lido Hotel Manager",Active, "NPR","https://www.npr.org/2018/06/07/617310039/trump-organization-deals-in-asia-fuel-debate-on-emoluments-lawsuit","06/07/2018","Trump Organization Deals In Asia Fuel Debate On Emoluments Lawsuit"
"",Ivanka Trump,"DT Lido Hotel Manager",Active, "Reuters","https://mobile.reuters.com/article/amp/idUSKCN1J12RP","06/05/2018","Exclusive: China's ZTE signed preliminary agreement to lift U.S. ban: sources"
"",Ivanka Trump,"DT Lido Hotel Manager",Active, "Washington Post","https://www.washingtonpost.com/politics/trump-business-dealings-raises-serious-concerns-ethics-office-says/2018/06/22/b71de20a-7642-11e8-9780-b1dd6a09b549_story.html?utm_term=.6784ef6af365","06/23/2018","Trump business dealings raise ‘serious concerns,’ ethics office says"
"",Donald Trump,"DT Lido Technical Services Manager",Active, "NPR","https://www.npr.org/2018/06/07/617310039/trump-organization-deals-in-asia-fuel-debate-on-emoluments-lawsuit","06/07/2018","Trump Organization Deals In Asia Fuel Debate On Emoluments Lawsuit"
"",Donald Trump,"DT Lido Technical Services Manager",Active, "Reuters","https://mobile.reuters.com/article/amp/idUSKCN1J12RP","06/05/2018","Exclusive: China's ZTE signed preliminary agreement to lift U.S. ban: sources"
"",Donald Trump,"DT Lido Technical Services Manager",Active, "Washington Post","https://www.washingtonpost.com/politics/trump-business-dealings-raises-serious-concerns-ethics-office-says/2018/06/22/b71de20a-7642-11e8-9780-b1dd6a09b549_story.html?utm_term=.6784ef6af365","06/23/2018","Trump business dealings raise ‘serious concerns,’ ethics office says"
"",Ivanka Trump,"DT Lido Technical Services Manager",Active, "NPR","https://www.npr.org/2018/06/07/617310039/trump-organization-deals-in-asia-fuel-debate-on-emoluments-lawsuit","06/07/2018","Trump Organization Deals In Asia Fuel Debate On Emoluments Lawsuit"
"",Ivanka Trump,"DT Lido Technical Services Manager",Active, "Reuters","https://mobile.reuters.com/article/amp/idUSKCN1J12RP","06/05/2018","Exclusive: China's ZTE signed preliminary agreement to lift U.S. ban: sources"
"",Ivanka Trump,"DT Lido Technical Services Manager",Active, "Washington Post","https://www.washingtonpost.com/politics/trump-business-dealings-raises-serious-concerns-ethics-office-says/2018/06/22/b71de20a-7642-11e8-9780-b1dd6a09b549_story.html?utm_term=.6784ef6af365","06/23/2018","Trump business dealings raise ‘serious concerns,’ ethics office says"
"",Donald Trump,"DT Marks Bali",Active, "New York Times","http://mobile.nytimes.com/2016/12/31/world/asia/indonesia-donald-trump-resort.html","12/31/2016","Trump's Indonesia Projects, Still Moving Ahead, Create Potential Conflicts"
"",Donald Trump,"DT Marks Dubai",Active, "Construction Week Online","http://www.constructionweekonline.com/article-49557-cscec-lands-19m-damac-contract-for-dubais-akoya-oxygen/","06/10/2018","CSCEC lands $19m Damac contract for Dubai's Akoya Oxygen"
"",Donald Trump,"DT Marks Dubai",Active, "McClatchy","http://www.mcclatchydc.com/news/politics-government/white-house/article172443417.html","09/01/2017","Trump promised not to work with foreign entities. His company just did"
"",Donald Trump,"DT Marks Dubai",Active, "Press Release","https://www.damacproperties.com/en/media-centre/press-releases/damac-awards-infrastructure-works-contract-at-akoya-oxygen-to-cscec-as-construction-spend","06/10/2018","DAMAC awards infrastructure works contract at AKOYA Oxygen to CSCEC as construction spend tops AED 5.6 billion"
"",Donald Trump,"DT Marks Dubai II",Active, "Construction Week Online","http://www.constructionweekonline.com/article-49557-cscec-lands-19m-damac-contract-for-dubais-akoya-oxygen/","06/10/2018","CSCEC lands $19m Damac contract for Dubai's Akoya Oxygen"
"",Donald Trump,"DT Marks Dubai II",Active, "McClatchy","http://www.mcclatchydc.com/news/politics-government/white-house/article172443417.html","09/01/2017","Trump promised not to work with foreign entities. His company just did"
"",Donald Trump,"DT Marks Dubai II",Active, "Press Release","https://www.damacproperties.com/en/media-centre/press-releases/damac-awards-infrastructure-works-contract-at-akoya-oxygen-to-cscec-as-construction-spend","06/10/2018","DAMAC awards infrastructure works contract at AKOYA Oxygen to CSCEC as construction spend tops AED 5.6 billion"
"",Donald Trump,"DT Marks Lido",Active, "NPR","https://www.npr.org/2018/06/07/617310039/trump-organization-deals-in-asia-fuel-debate-on-emoluments-lawsuit","06/07/2018","Trump Organization Deals In Asia Fuel Debate On Emoluments Lawsuit"
"",Donald Trump,"DT Marks Lido",Active, "Reuters","https://mobile.reuters.com/article/amp/idUSKCN1J12RP","06/05/2018","Exclusive: China's ZTE signed preliminary agreement to lift U.S. ban: sources"
"",Donald Trump,"DT Marks Lido",Active, "Washington Post","https://www.washingtonpost.com/politics/trump-business-dealings-raises-serious-concerns-ethics-office-says/2018/06/22/b71de20a-7642-11e8-9780-b1dd6a09b549_story.html?utm_term=.6784ef6af365","06/23/2018","Trump business dealings raise ‘serious concerns,’ ethics office says"
"",Donald Trump,"DT Marks Qatar",Active, "Washington Post","https://www.washingtonpost.com/business/economy/a-scramble-to-assess-the-dangers-of-president-elects-global-business-empire/2016/11/20/1bbdc2a2-ad18-11e6-a31b-4b6397e625d0_story.html","11/20/2016","A scramble to assess the dangers of President-elect Donald Trump’s global business empire"
"",Donald Trump,"DT Marks Rio",Active, "New York Times","https://www.nytimes.com/2016/11/26/us/politics/donald-trump-international-business.html?_r=1","11/26/2016","Potential Conflicts Around the Globe for Trump, the Businessman President"
"",Donald Trump,"DT Tower I",Active, "Forbes","https://www.forbes.com/trump-tenants/#4fcc6c891d32","02/13/2018","Landlord-in-Chief"
"",Donald Trump,"DT Tower I",Active, "McClatchy","http://www.mcclatchydc.com/news/politics-government/white-house/article210477439.html","06/19/2018","Buyers tied to Russia, former Soviet republics paid $109 million cash for Trump properties"
"",Donald Trump,"DT Tower II",Active, "Forbes","https://www.forbes.com/trump-tenants/#4fcc6c891d32","02/13/2018","Landlord-in-Chief"
"",Donald Trump,"DT Tower II",Active, "McClatchy","http://www.mcclatchydc.com/news/politics-government/white-house/article210477439.html","06/19/2018","Buyers tied to Russia, former Soviet republics paid $109 million cash for Trump properties"
"",Donald Trump,"Holds United Technologies",Active, "Indy Star","http://www.indystar.com/story/news/politics/2016/05/19/donald-trump-profited-investment-carriers-parent-company/84593308/","05/19/2016","Donald Trump profited from investment in Carrier's parent company"
"",Donald Trump,"Holds United Technologies",Active, "Wall Street Journal","https://www.wsj.com/articles/donald-trump-had-investments-in-carrier-corp-s-parent-1480723443?mod=e2tw&amp;mg=id-wsj","12/02/2016","Donald Trump Had Investments in Carrier Corp.’s Parent"
"",Donald Trump,"Jupiter Golf Club",Active, "Washington Post","https://www.washingtonpost.com/politics/the-three-biggest-surprises-in-the-trump-organizations-financial-filings/2018/05/21/db2f0420-5c94-11e8-9ee3-49d6d4814c4c_story.html?utm_term=.64de8850a39d","05/21/2018","The three biggest surprises in the Trump Organization’s financial filings"
"An Israel-focused charity, The Truth About Israel, moved its recent gala event to Pres. Trumps Mar-a-Lago resort in appreciation of the presidents support for Israel.",Donald Trump,"Mar-a-Lago Club",Active, "Citizens for Responsibility and Ethics in Washington (CREW)","https://sunlightfoundation.com/2018/02/02/this-week-in-conflicts-of-interest-a-resignation-disclosure-required-and-a-chance-to-meet-donald-trump-jr/","01/25/2018","TRUMP INC: A CHRONICLE OF PRESIDENTIAL CONFLICTS"
"An Israel-focused charity, The Truth About Israel, moved its recent gala event to Pres. Trumps Mar-a-Lago resort in appreciation of the presidents support for Israel.",Donald Trump,"Mar-a-Lago Club",Active, "New York Times","https://mobile.nytimes.com/2018/06/24/us/politics/trump-challenge-coins.html?hp&action=click&pgtype=Homepage&clickSource=story-heading&module=first-column-region&region=top-news&WT.nav=top-news","06/24/2018","Trump Leaves His Mark on a Presidential Keepsake"
"An Israel-focused charity, The Truth About Israel, moved its recent gala event to Pres. Trumps Mar-a-Lago resort in appreciation of the presidents support for Israel.",Donald Trump,"Mar-a-Lago Club",Active, "Palm Beach Post","https://www.palmbeachpost.com/news/national-govt--politics/mar-lago-events-raise-money-for-politicos-revenues-for-trump/F0EK7JzzOeDTT6nTSe8qyO/amp.html","05/04/2018","Mar-a-Lago events raise money for politicos, revenues for Trump"
"An Israel-focused charity, The Truth About Israel, moved its recent gala event to Pres. Trumps Mar-a-Lago resort in appreciation of the presidents support for Israel.",Donald Trump,"Mar-a-Lago Club",Active, "Politico","http://www.politico.com/story/2016/12/mar-a-lago-donald-trump-new-years-eve-party-233070","12/30/2016","Mar-a-Lago sold tickets to New Year's Eve party with Trump"
"An Israel-focused charity, The Truth About Israel, moved its recent gala event to Pres. Trumps Mar-a-Lago resort in appreciation of the presidents support for Israel.",Donald Trump,"Mar-a-Lago Club",Active, "ProPublica","https://www.propublica.org/article/political-and-taxpayer-spending-at-trump-properties-16-1-million","06/27/2018","We’ve Found $16.1 Million in Political and Taxpayer Spending at Trump Properties"
"An Israel-focused charity, The Truth About Israel, moved its recent gala event to Pres. Trumps Mar-a-Lago resort in appreciation of the presidents support for Israel.",Donald Trump,"Mar-a-Lago Club",Active, "Washington Post","https://www.washingtonpost.com/news/post-politics/wp/2018/02/26/israel-focused-charity-praises-trump-and-pays-him-at-mar-a-lago-gala/?noredirect=on&utm_term=.8e425bfe3d1e","02/26/2018","Israel-focused charity praises Trump — and pays him — at Mar-a-Lago gala"
"An Israel-focused charity, The Truth About Israel, moved its recent gala event to Pres. Trumps Mar-a-Lago resort in appreciation of the presidents support for Israel.",Donald Trump,"Mar-a-Lago Club",Active, "Washington Post","https://www.washingtonpost.com/news/post-politics/wp/2018/02/26/israel-focused-charity-praises-trump-and-pays-him-at-mar-a-lago-gala/?utm_term=.59e4b7dbed4c","02/26/2018","Israel-focused charity praises Trump — and pays him — at Mar-a-Lago gala"
"An Israel-focused charity, The Truth About Israel, moved its recent gala event to Pres. Trumps Mar-a-Lago resort in appreciation of the presidents support for Israel.",Donald Trump,"Mar-a-Lago Club",Active, "Washington Post","https://www.washingtonpost.com/politics/the-three-biggest-surprises-in-the-trump-organizations-financial-filings/2018/05/21/db2f0420-5c94-11e8-9ee3-49d6d4814c4c_story.html?utm_term=.64de8850a39d","05/21/2018","The three biggest surprises in the Trump Organization’s financial filings"
"",Donald Trump,"Miss Universe (Formerly Trump Pageants)",Active, "Washington Post","https://www.washingtonpost.com/politics/inside-trumps-financial-ties-to-russia-and-his-unusual-flattery-of-vladimir-putin/2016/06/17/dbdcaac8-31a6-11e6-8ff7-7b6c1998b7a0_story.html?utm_term=.58393114f26e","06/17/2016","Inside Trump’s financial ties to Russia and his unusual flattery of Vladimir Putin"
"",Donald Trump,"Panama Ocean Club Management",Active, "Associated Press","https://www.apnews.com/ce4dbdd4446c4862bb9c483425554c67/Trump-officials-fight-eviction-from-Panama-hotel-they-manage","02/24/2018","Trump officials fight eviction from Panama hotel they manage"
"",Donald Trump,"Panama Ocean Club Management",Active, "Business Insider","http://www.businessinsider.com/trump-organization-panama-hotel-conflict-2018-3","03/03/2018","Ethics experts say their fear has been realized as Trump faces one of his most consequential conflicts of interest yet"
"",Donald Trump,"Panama Ocean Club Management",Active, "Washington Post","https://www.washingtonpost.com/business/economy/a-scramble-to-assess-the-dangers-of-president-elects-global-business-empire/2016/11/20/1bbdc2a2-ad18-11e6-a31b-4b6397e625d0_story.html","11/20/2016","A scramble to assess the dangers of President-elect Donald Trump’s global business empire"
"",Donald Trump,"Police Athletic League",Active, "Forbes","https://www.forbes.com/sites/danalexander/2017/02/09/where-did-trumps-foundation-donate-its-money-irs-documents-reveal-surprising-answers/#4d1fcb907b52","02/09/2017","Where Did Trump's Foundation Donate Its Money? IRS Documents Reveal Surprising Answers"
"",Donald Trump,"Scotland Acquisitions",Active, "Washington Post","https://www.washingtonpost.com/business/economy/a-scramble-to-assess-the-dangers-of-president-elects-global-business-empire/2016/11/20/1bbdc2a2-ad18-11e6-a31b-4b6397e625d0_story.html","11/20/2016","A scramble to assess the dangers of President-elect Donald Trump’s global business empire"
"",Donald Trump,"Scotland Acquisitions",Active, "Washington Post","https://www.washingtonpost.com/politics/the-three-biggest-surprises-in-the-trump-organizations-financial-filings/2018/05/21/db2f0420-5c94-11e8-9ee3-49d6d4814c4c_story.html?utm_term=.64de8850a39d","05/21/2018","The three biggest surprises in the Trump Organization’s financial filings"
"",Donald Trump,"TAG Air",Active, "ProPublica","https://www.propublica.org/article/political-and-taxpayer-spending-at-trump-properties-16-1-million","06/27/2018","We’ve Found $16.1 Million in Political and Taxpayer Spending at Trump Properties"
"",Donald Trump,"TC Marks Buenos Aires",Active, "Reuters","https://www.reuters.com/article/us-usa-trump-argentina/trump-organization-says-it-has-no-plans-to-build-buenos-aires-tower-idUSKBN14N1W7","01/04/2017","Trump Organization says it has no plans to build Buenos Aires tower"
"",Donald Trump,"TC Marks Buenos Aires",Active, "Washington Post","https://www.washingtonpost.com/politics/trumps-presidency-overseas-business-deals-and-relations-with-foreign-governments-could-all-become-intertwined/2016/11/25/d2bc83f8-b0e2-11e6-8616-52b15787add0_story.html?utm_term=.6474a90a3947","11/25/2016","Trump’s presidency, overseas business deals and relations with foreign governments could all become intertwined"
"",Donald Trump,"THC Development Brazil",Active, "Washington Post","https://www.washingtonpost.com/business/economy/a-scramble-to-assess-the-dangers-of-president-elects-global-business-empire/2016/11/20/1bbdc2a2-ad18-11e6-a31b-4b6397e625d0_story.html","11/20/2016","A scramble to assess the dangers of President-elect Donald Trump’s global business empire"
"",Donald Trump,"THC Dubai II Hotel Manager",Active, "Construction Week Online","http://www.constructionweekonline.com/article-49557-cscec-lands-19m-damac-contract-for-dubais-akoya-oxygen/","06/10/2018","CSCEC lands $19m Damac contract for Dubai's Akoya Oxygen"
"",Donald Trump,"THC Dubai II Hotel Manager",Active, "McClatchy","http://www.mcclatchydc.com/news/politics-government/white-house/article172443417.html","09/01/2017","Trump promised not to work with foreign entities. His company just did"
"",Donald Trump,"THC Dubai II Hotel Manager",Active, "Press Release","https://www.damacproperties.com/en/media-centre/press-releases/damac-awards-infrastructure-works-contract-at-akoya-oxygen-to-cscec-as-construction-spend","06/10/2018","DAMAC awards infrastructure works contract at AKOYA Oxygen to CSCEC as construction spend tops AED 5.6 billion"
"",Donald Trump,"THC Jeddah Hotel Advisor",Active, "Washington Post","https://www.washingtonpost.com/business/economy/a-scramble-to-assess-the-dangers-of-president-elects-global-business-empire/2016/11/20/1bbdc2a2-ad18-11e6-a31b-4b6397e625d0_story.html","11/20/2016","A scramble to assess the dangers of President-elect Donald Trump’s global business empire"
"",Donald Trump,"THC Jeddah Hotel Manager",Active, "Washington Post","https://www.washingtonpost.com/business/economy/a-scramble-to-assess-the-dangers-of-president-elects-global-business-empire/2016/11/20/1bbdc2a2-ad18-11e6-a31b-4b6397e625d0_story.html","11/20/2016","A scramble to assess the dangers of President-elect Donald Trump’s global business empire"
"",Donald Trump,"THC Qatar Hotel Manager",Active, "Washington Post","https://www.washingtonpost.com/business/economy/a-scramble-to-assess-the-dangers-of-president-elects-global-business-empire/2016/11/20/1bbdc2a2-ad18-11e6-a31b-4b6397e625d0_story.html","11/20/2016","A scramble to assess the dangers of President-elect Donald Trump’s global business empire"
"",Donald Trump,"THC Rio",Active, "New York Times","https://www.nytimes.com/2016/11/26/us/politics/donald-trump-international-business.html?_r=1","11/26/2016","Potential Conflicts Around the Globe for Trump, the Businessman President"
"",Donald Trump,"Toronto Development",Active, "Washington Post","https://www.washingtonpost.com/business/economy/a-scramble-to-assess-the-dangers-of-president-elects-global-business-empire/2016/11/20/1bbdc2a2-ad18-11e6-a31b-4b6397e625d0_story.html","11/20/2016","A scramble to assess the dangers of President-elect Donald Trump’s global business empire"
"",Donald Trump,"Trump Brazil",Active, "New York Times","https://www.nytimes.com/2016/11/26/us/politics/donald-trump-international-business.html?_r=1","11/26/2016","Potential Conflicts Around the Globe for Trump, the Businessman President"
"",Donald Trump,"Trump Brazil",Active, "Washington Post","https://www.washingtonpost.com/business/economy/a-scramble-to-assess-the-dangers-of-president-elects-global-business-empire/2016/11/20/1bbdc2a2-ad18-11e6-a31b-4b6397e625d0_story.html","11/20/2016","A scramble to assess the dangers of President-elect Donald Trump’s global business empire"
"",Donald Trump,"Trump Canadian Services",Active, "Washington Post","https://www.washingtonpost.com/business/economy/a-scramble-to-assess-the-dangers-of-president-elects-global-business-empire/2016/11/20/1bbdc2a2-ad18-11e6-a31b-4b6397e625d0_story.html","11/20/2016","A scramble to assess the dangers of President-elect Donald Trump’s global business empire"
"",Donald Trump,"Trump Caribbean",Active, "NPR","https://www.npr.org/2017/05/11/527811206/sale-of-trump-property-raises-ethical-questions-about-potential-buyers-motives","05/11/2017","Sale Of Trump Property Raises Ethical Questions About Potential Buyer's Motives"
"",Donald Trump,"Trump Caribbean",Active, "Washington Post","https://www.washingtonpost.com/news/post-politics/wp/2017/08/01/the-asking-price-for-president-trumps-caribbean-estate-has-been-cut-dramatically/?utm_term=.63fee190a91a","08/01/2017","The asking price for President Trump’s Caribbean estate has been cut dramatically"
"",Donald Trump,"Trump Drinks Israel",Active, "Washington Post","https://www.washingtonpost.com/business/economy/a-scramble-to-assess-the-dangers-of-president-elects-global-business-empire/2016/11/20/1bbdc2a2-ad18-11e6-a31b-4b6397e625d0_story.html","11/20/2016","A scramble to assess the dangers of President-elect Donald Trump’s global business empire"
"",Donald Trump,"Trump Drinks Israel Holdings",Active, "Washington Post","https://www.washingtonpost.com/business/economy/a-scramble-to-assess-the-dangers-of-president-elects-global-business-empire/2016/11/20/1bbdc2a2-ad18-11e6-a31b-4b6397e625d0_story.html","11/20/2016","A scramble to assess the dangers of President-elect Donald Trump’s global business empire"
"",Donald Trump,"Trump Entrepreneur InitiatIVe (Formerly Trump UnIVersity Ca)",Active, "New York Times","https://www.nytimes.com/2016/11/06/us/politics/donald-trump-business-tax-records.html?mtrref=undefined","11/05/2016","Thin Line Splits Donald Trump's Politics and Businesses"
"",Donald Trump,"Trump Entrepreneur InitiatIVe (Formerly Trump UnIVersity Ca)",Active, "New York Times","https://www.nytimes.com/2016/12/21/business/economy/trump-organization-labor-unions-hotels.html","12/21/2016","Trump Organization Moves to Avoid Possible Conflicts of Interest"
"",Donald Trump,"Trump Entrepreneur InitiatIVe (Formerly Trump UnIVersity Ca)",Active, "Washington Post","https://www.washingtonpost.com/politics/source-trump-nearing-settlement-in-trump-university-fraud-cases/2016/11/18/8dc047c0-ada0-11e6-a31b-4b6397e625d0_story.html","11/18/2016","Trump agrees to $25 million settlement in Trump University fraud cases"
"",Donald Trump,"Trump Equitable Fifth Avenue Company",Active, "New York Times","https://www.nytimes.com/2016/08/21/us/politics/donald-trump-debt.html","08/20/2016","Trump’s Empire: A Maze of Debts and Opaque Ties"
"",Donald Trump,"Trump International Development",Active, "Washington Post","https://www.washingtonpost.com/politics/trump-business-dealings-raises-serious-concerns-ethics-office-says/2018/06/22/b71de20a-7642-11e8-9780-b1dd6a09b549_story.html?utm_term=.6784ef6af365","06/23/2018","Trump business dealings raise ‘serious concerns,’ ethics office says"
"",Donald Trump,"Trump International Golf Club - Florida",Active, "Washington Post","https://www.washingtonpost.com/politics/the-three-biggest-surprises-in-the-trump-organizations-financial-filings/2018/05/21/db2f0420-5c94-11e8-9ee3-49d6d4814c4c_story.html?utm_term=.64de8850a39d","05/21/2018","The three biggest surprises in the Trump Organization’s financial filings"
"",Donald Trump,"Trump International Golf Club Scotland",Active, "New York Times","https://www.nytimes.com/2016/11/21/business/with-a-meeting-trump-renewed-a-british-wind-farm-fight.html?_r=0","11/21/2016","With a Meeting, Trump Renewed a British Wind Farm Fight"
"",Donald Trump,"Trump International Golf Club Scotland",Active, "New York Times","https://www.nytimes.com/2016/11/26/us/politics/donald-trump-international-business.html?_r=1","11/26/2016","Potential Conflicts Around the Globe for Trump, the Businessman President"
"",Donald Trump,"Trump International Golf Club Scotland",Active, "Washington Post","https://www.washingtonpost.com/business/economy/a-scramble-to-assess-the-dangers-of-president-elects-global-business-empire/2016/11/20/1bbdc2a2-ad18-11e6-a31b-4b6397e625d0_story.html","11/20/2016","A scramble to assess the dangers of President-elect Donald Trump’s global business empire"
"",Donald Trump,"Trump International Golf Club Scotland",Active, "Washington Post","https://www.washingtonpost.com/politics/the-three-biggest-surprises-in-the-trump-organizations-financial-filings/2018/05/21/db2f0420-5c94-11e8-9ee3-49d6d4814c4c_story.html?utm_term=.64de8850a39d","05/21/2018","The three biggest surprises in the Trump Organization’s financial filings"
"",Donald Trump,"Trump International Golf Club Scotland",Active, "Washington Post","https://www.washingtonpost.com/politics/trumps-presidency-overseas-business-deals-and-relations-with-foreign-governments-could-all-become-intertwined/2016/11/25/d2bc83f8-b0e2-11e6-8616-52b15787add0_story.html?utm_term=.6474a90a3947","11/25/2016","Trump’s presidency, overseas business deals and relations with foreign governments could all become intertwined"
"",Donald Trump,"Trump International Golf Links - Scotland",Active, "New York Times","https://www.nytimes.com/2016/11/21/business/with-a-meeting-trump-renewed-a-british-wind-farm-fight.html?_r=0","11/21/2016","With a Meeting, Trump Renewed a British Wind Farm Fight"
"",Donald Trump,"Trump International Golf Links - Scotland",Active, "New York Times","https://www.nytimes.com/2016/11/26/us/politics/donald-trump-international-business.html?_r=1","11/26/2016","Potential Conflicts Around the Globe for Trump, the Businessman President"
"",Donald Trump,"Trump International Golf Links - Scotland",Active, "Washington Post","https://www.washingtonpost.com/business/economy/a-scramble-to-assess-the-dangers-of-president-elects-global-business-empire/2016/11/20/1bbdc2a2-ad18-11e6-a31b-4b6397e625d0_story.html","11/20/2016","A scramble to assess the dangers of President-elect Donald Trump’s global business empire"
"",Donald Trump,"Trump International Golf Links - Scotland",Active, "Washington Post","https://www.washingtonpost.com/politics/the-three-biggest-surprises-in-the-trump-organizations-financial-filings/2018/05/21/db2f0420-5c94-11e8-9ee3-49d6d4814c4c_story.html?utm_term=.64de8850a39d","05/21/2018","The three biggest surprises in the Trump Organization’s financial filings"
"",Donald Trump,"Trump International Golf Links - Scotland",Active, "Washington Post","https://www.washingtonpost.com/politics/trumps-presidency-overseas-business-deals-and-relations-with-foreign-governments-could-all-become-intertwined/2016/11/25/d2bc83f8-b0e2-11e6-8616-52b15787add0_story.html?utm_term=.6474a90a3947","11/25/2016","Trump’s presidency, overseas business deals and relations with foreign governments could all become intertwined"
"",Donald Trump,"Trump International Hotel HawaII",Active, "CNN","https://www.cnn.com/2018/06/28/politics/trump-irs-nominee-charles-rettig/index.html","06/28/2018","Trump IRS nominee owns property at Trump-branded hotel"
"",Donald Trump,"Trump International Hotel HawaII",Active, "Newsweek","http://www.newsweek.com/donald-trump-irs-nominee-hotel-999627?amp=1","06/28/2018","DONALD TRUMP'S IRS NOMINEE DIDN'T DISCLOSE HE OWNED MULTIPLE PROPERTIES IN TRUMP HOTEL"
"",Donald Trump,"Trump International Hotels Management D/B/A Trump Hotel Collection",Active, "Citizens for Responsibility and Ethics in Washington (CREW)","https://sunlightfoundation.com/2018/02/02/this-week-in-conflicts-of-interest-a-resignation-disclosure-required-and-a-chance-to-meet-donald-trump-jr/","01/25/2018","TRUMP INC: A CHRONICLE OF PRESIDENTIAL CONFLICTS"
"",Donald Trump,"Trump International Hotels Management D/B/A Trump Hotel Collection",Active, "CNN","http://money.cnn.com/2017/01/23/news/donald-trump-resigns-business/","01/23/2017","Trump Organization documents say he has resigned from more than 400 businesses"
"",Donald Trump,"Trump International Hotels Management D/B/A Trump Hotel Collection",Active, "Construction Week Online","http://www.constructionweekonline.com/article-49557-cscec-lands-19m-damac-contract-for-dubais-akoya-oxygen/","06/10/2018","CSCEC lands $19m Damac contract for Dubai's Akoya Oxygen"
"",Donald Trump,"Trump International Hotels Management D/B/A Trump Hotel Collection",Active, "Fast Company","https://www.fastcompany.com/40526424/trump-organization-revives-project-in-dominican-republic-roiling-local-politics","02/07/2018","Trump Organization Revives Project In Dominican Republic, Roiling Local Politics"
"",Donald Trump,"Trump International Hotels Management D/B/A Trump Hotel Collection",Active, "Fox News","http://www.foxnews.com/politics/2018/02/21/trump-jr-steals-spotlight-from-canadas-trudeau-as-india-visits-coincide.html","02/20/2018","Trump Jr. steals spotlight from Canada's Trudeau as India visits coincide"
"",Donald Trump,"Trump International Hotels Management D/B/A Trump Hotel Collection",Active, "McClatchy","http://www.mcclatchydc.com/news/politics-government/white-house/article172443417.html","09/01/2017","Trump promised not to work with foreign entities. His company just did"
"",Donald Trump,"Trump International Hotels Management D/B/A Trump Hotel Collection",Active, "New York Times","http://mobile.nytimes.com/2016/12/31/world/asia/indonesia-donald-trump-resort.html","12/31/2016","Trump's Indonesia Projects, Still Moving Ahead, Create Potential Conflicts"
"",Donald Trump,"Trump International Hotels Management D/B/A Trump Hotel Collection",Active, "New York Times","https://www.nytimes.com/2016/12/14/world/americas/donald-trump-hotel-rio-brazil-investigation.html","12/14/2016","Trump Firm Quits Brazil Hotel Project That Was Named in Criminal Inquiry"
"",Donald Trump,"Trump International Hotels Management D/B/A Trump Hotel Collection",Active, "Newsweek","http://www.newsweek.com/if-trump-organization-launches-dominican-republic-projects-it-could-be-grounds-801765","02/10/2018","TRUMP ORGANIZATION'S DOMINICAN REPUBLIC PROJECTS COULD BE GROUNDS FOR IMPEACHMENT: EXPERTS"
"",Donald Trump,"Trump International Hotels Management D/B/A Trump Hotel Collection",Active, "Newsweek","http://www.newsweek.com/ocasio-cortez-impeach-trump-997615?amp=1","06/27/2018","ALEXANDRIA OCASIO-CORTEZ SAYS DONALD TRUMP SHOULD BE IMPEACHED OVER EMOLUMENTS CLAUSE VIOLATIONS FROM DAY ONE OF HIS PRESIDENCY"
"",Donald Trump,"Trump International Hotels Management D/B/A Trump Hotel Collection",Active, "NPR","https://www.npr.org/2017/05/11/527811206/sale-of-trump-property-raises-ethical-questions-about-potential-buyers-motives","05/11/2017","Sale Of Trump Property Raises Ethical Questions About Potential Buyer's Motives"
"",Donald Trump,"Trump International Hotels Management D/B/A Trump Hotel Collection",Active, "Press Release","https://www.damacproperties.com/en/media-centre/press-releases/damac-awards-infrastructure-works-contract-at-akoya-oxygen-to-cscec-as-construction-spend","06/10/2018","DAMAC awards infrastructure works contract at AKOYA Oxygen to CSCEC as construction spend tops AED 5.6 billion"
"",Donald Trump,"Trump International Hotels Management D/B/A Trump Hotel Collection",Active, "Press Release","https://www.prnewswire.com/news-releases/trump-hotel-collection-announces-a-luxury-resort-and-residential-development-in-bali-300130927.html","08/19/2015","TRUMP HOTEL COLLECTION Announces A Luxury Resort And Residential Development In Bali"
"",Donald Trump,"Trump International Hotels Management D/B/A Trump Hotel Collection",Active, "ProPublica","https://www.propublica.org/article/political-and-taxpayer-spending-at-trump-properties-16-1-million","06/27/2018","We’ve Found $16.1 Million in Political and Taxpayer Spending at Trump Properties"
"",Donald Trump,"Trump International Hotels Management D/B/A Trump Hotel Collection",Active, "The New Republic","https://newrepublic.com/article/147351/political-corruption-art-deal","03/21/2018","Political Corruption and the Art of the Deal How Trump's business partnerships in India are creating conflicts of interest in the White House and corrupting the presidency"
"",Donald Trump,"Trump International Hotels Management D/B/A Trump Hotel Collection",Active, "Washington Post","https://www.washingtonpost.com/news/post-politics/wp/2017/08/01/the-asking-price-for-president-trumps-caribbean-estate-has-been-cut-dramatically/?utm_term=.63fee190a91a","08/01/2017","The asking price for President Trump’s Caribbean estate has been cut dramatically"
"",Donald Trump,"Trump International Hotels Management D/B/A Trump Hotel Collection",Active, "Washington Post","https://www.washingtonpost.com/world/the_americas/trump-company-pulls-its-name-off-a-brazil-hotel-caught-up-in-an-investigation/2016/12/13/c332dc2c-b078-4885-8a29-5f29b7da442e_story.html?utm_term=.3f329b9e8342","12/13/2016","Trump company pulls its name off a Brazil hotel caught up in an investigation"
"",Donald Trump,"Trump International Hotels Management D/B/A Trump Hotel Collection",Active, "Washington Post","https://www.washingtonpost.com/world/trump-jr-to-give-foreign-policy-speech-while-on-unofficial-business-trip-to-india/2018/02/19/37d00c37-d9e8-40c4-934b-0a26b8160dcd_story.html?utm_term=.8a66e23946b3","02/19/2018","Trump Jr. to give foreign policy speech while on ‘unofficial’ business trip to India"
"",Donald Trump,"Trump International Management",Active, "Fast Company","https://www.fastcompany.com/40526424/trump-organization-revives-project-in-dominican-republic-roiling-local-politics","02/07/2018","Trump Organization Revives Project In Dominican Republic, Roiling Local Politics"
"",Donald Trump,"Trump International Management",Active, "Fox News","http://www.foxnews.com/politics/2018/02/21/trump-jr-steals-spotlight-from-canadas-trudeau-as-india-visits-coincide.html","02/20/2018","Trump Jr. steals spotlight from Canada's Trudeau as India visits coincide"
"",Donald Trump,"Trump International Management",Active, "Newsweek","http://www.newsweek.com/if-trump-organization-launches-dominican-republic-projects-it-could-be-grounds-801765","02/10/2018","TRUMP ORGANIZATION'S DOMINICAN REPUBLIC PROJECTS COULD BE GROUNDS FOR IMPEACHMENT: EXPERTS"
"",Donald Trump,"Trump International Management",Active, "Washington Post","https://www.washingtonpost.com/world/trump-jr-to-give-foreign-policy-speech-while-on-unofficial-business-trip-to-india/2018/02/19/37d00c37-d9e8-40c4-934b-0a26b8160dcd_story.html?utm_term=.8a66e23946b3","02/19/2018","Trump Jr. to give foreign policy speech while on ‘unofficial’ business trip to India"
"",Donald Trump,"Trump Las Vegas",Active, "New York Times","https://www.nytimes.com/2016/12/21/business/economy/trump-organization-labor-unions-hotels.html","12/21/2016","Trump Organization Moves to Avoid Possible Conflicts of Interest"
"",Donald Trump,"Trump Lntematlonal Hotel And Tower Condominium",Active, "Forbes","https://www.forbes.com/trump-tenants/#4fcc6c891d32","02/13/2018","Landlord-in-Chief"
"",Donald Trump,"Trump Marks Dubai",Active, "Construction Week Online","http://www.constructionweekonline.com/article-49557-cscec-lands-19m-damac-contract-for-dubais-akoya-oxygen/","06/10/2018","CSCEC lands $19m Damac contract for Dubai's Akoya Oxygen"
"",Donald Trump,"Trump Marks Dubai",Active, "McClatchy","http://www.mcclatchydc.com/news/politics-government/white-house/article172443417.html","09/01/2017","Trump promised not to work with foreign entities. His company just did"
"",Donald Trump,"Trump Marks Dubai",Active, "Press Release","https://www.damacproperties.com/en/media-centre/press-releases/damac-awards-infrastructure-works-contract-at-akoya-oxygen-to-cscec-as-construction-spend","06/10/2018","DAMAC awards infrastructure works contract at AKOYA Oxygen to CSCEC as construction spend tops AED 5.6 billion"
"",Donald Trump,"Trump Marks Istanbul II",Active, "New York Times","https://www.nytimes.com/2016/11/26/us/politics/donald-trump-international-business.html?_r=1","11/26/2016","Potential Conflicts Around the Globe for Trump, the Businessman President"
"",Donald Trump,"Trump Marks Mumbai",Active, "New York Times","https://www.nytimes.com/2016/11/26/us/politics/donald-trump-international-business.html?_r=1","11/26/2016","Potential Conflicts Around the Globe for Trump, the Businessman President"
"",Donald Trump,"Trump Marks Panama",Active, "Associated Press","https://www.apnews.com/ce4dbdd4446c4862bb9c483425554c67/Trump-officials-fight-eviction-from-Panama-hotel-they-manage","02/24/2018","Trump officials fight eviction from Panama hotel they manage"
"",Donald Trump,"Trump Marks Panama",Active, "Business Insider","http://www.businessinsider.com/trump-organization-panama-hotel-conflict-2018-3","03/03/2018","Ethics experts say their fear has been realized as Trump faces one of his most consequential conflicts of interest yet"
"",Donald Trump,"Trump Marks Panama",Active, "Washington Post","https://www.washingtonpost.com/business/economy/a-scramble-to-assess-the-dangers-of-president-elects-global-business-empire/2016/11/20/1bbdc2a2-ad18-11e6-a31b-4b6397e625d0_story.html","11/20/2016","A scramble to assess the dangers of President-elect Donald Trump’s global business empire"
"",Donald Trump,"Trump Marks Philippines",Active, "Bloomberg Politics","https://www.bloomberg.com/politics/articles/2016-11-22/trump-s-business-partner-will-be-manila-s-man-in-washington?cmpid=socialflow-twitter-business&amp;utm_content=business&amp;utm_campaign=socialflow-organic&amp;utm_source=twitter&amp;utm_medium=social","11/22/2016","Trump’s Business Partner Will Be Manila’s Man in Washington"
"",Donald Trump,"Trump Marks Philippines",Active, "New York Times","https://www.nytimes.com/2016/11/26/us/politics/donald-trump-international-business.html?_r=1","11/26/2016","Potential Conflicts Around the Globe for Trump, the Businessman President"
"",Donald Trump,"Trump Marks Philippines",Active, "NPR","http://www.npr.org/sections/parallels/2016/11/22/502895797/whos-the-new-philippine-envoy-the-man-building-trump-tower-manila","11/22/2016","Who's The New Philippine Envoy? The Man Building Trump Tower Manila"
"",Donald Trump,"Trump Marks Sunny Isles I",Active, "McClatchy","http://www.mcclatchydc.com/news/politics-government/white-house/article210477439.html","06/19/2018","Buyers tied to Russia, former Soviet republics paid $109 million cash for Trump properties"
"",Donald Trump,"Trump Marks Sunny Isles II",Active, "McClatchy","http://www.mcclatchydc.com/news/politics-government/white-house/article210477439.html","06/19/2018","Buyers tied to Russia, former Soviet republics paid $109 million cash for Trump properties"
"",Donald Trump,"Trump Miami Resort",Active, "CNN","http://money.cnn.com/2017/01/23/news/donald-trump-resigns-business/","01/23/2017","Trump Organization documents say he has resigned from more than 400 businesses"
"",Donald Trump,"Trump Miami Resort",Active, "McClatchy","http://www.mcclatchydc.com/news/politics-government/white-house/article210477439.html","06/19/2018","Buyers tied to Russia, former Soviet republics paid $109 million cash for Trump properties"
"",Donald Trump,"Trump Miami Resort",Active, "Palm Beach Post","https://www.palmbeachpost.com/news/national-govt--politics/mar-lago-events-raise-money-for-politicos-revenues-for-trump/F0EK7JzzOeDTT6nTSe8qyO/amp.html","05/04/2018","Mar-a-Lago events raise money for politicos, revenues for Trump"
"Prior to Donald Trump's official bid for the White House, the Trump Organization secured a 60-year lease with the U.S. government to renovate a historic post office in Washington, D.C., into a luxury, mixed-use development. The arrangement presents ongoing concerns now that Donald Trump is the U.S. government's chief executive. His position as both landlord and tenant opens opportunities for self-dealing that could prioritize his business interests over government efficiency. Additionally, foreign dignitaries and business representatives may book hotel stays and events as a means of currying favor with the president. A contractual clause designed to avoid such conflicts of interest prevents any elected official from sharing or benefiting from the lease. Because Trump did not divest of his business interest upon taking office, he may be violating the contract. However, his interests as either landlord and tenant would not be served by terminating the lease.",Donald Trump,"Trump Old Post Office",Active, "Citizens for Responsibility and Ethics in Washington (CREW)","https://sunlightfoundation.com/2018/02/02/this-week-in-conflicts-of-interest-a-resignation-disclosure-required-and-a-chance-to-meet-donald-trump-jr/","01/25/2018","TRUMP INC: A CHRONICLE OF PRESIDENTIAL CONFLICTS"
"Prior to Donald Trump's official bid for the White House, the Trump Organization secured a 60-year lease with the U.S. government to renovate a historic post office in Washington, D.C., into a luxury, mixed-use development. The arrangement presents ongoing concerns now that Donald Trump is the U.S. government's chief executive. His position as both landlord and tenant opens opportunities for self-dealing that could prioritize his business interests over government efficiency. Additionally, foreign dignitaries and business representatives may book hotel stays and events as a means of currying favor with the president. A contractual clause designed to avoid such conflicts of interest prevents any elected official from sharing or benefiting from the lease. Because Trump did not divest of his business interest upon taking office, he may be violating the contract. However, his interests as either landlord and tenant would not be served by terminating the lease.",Donald Trump,"Trump Old Post Office",Active, "CNN","https://www.cnn.com/2018/02/03/politics/trump-hotel-gsa/index.html","02/03/2018","Document shows GSA employees spending at the Trump Hotel in DC"
"Prior to Donald Trump's official bid for the White House, the Trump Organization secured a 60-year lease with the U.S. government to renovate a historic post office in Washington, D.C., into a luxury, mixed-use development. The arrangement presents ongoing concerns now that Donald Trump is the U.S. government's chief executive. His position as both landlord and tenant opens opportunities for self-dealing that could prioritize his business interests over government efficiency. Additionally, foreign dignitaries and business representatives may book hotel stays and events as a means of currying favor with the president. A contractual clause designed to avoid such conflicts of interest prevents any elected official from sharing or benefiting from the lease. Because Trump did not divest of his business interest upon taking office, he may be violating the contract. However, his interests as either landlord and tenant would not be served by terminating the lease.",Donald Trump,"Trump Old Post Office",Active, "CNN","https://www.cnn.com/2018/03/28/politics/emoluments-lawsuit-trump-hotel/index.html","03/28/2018","Judge allows lawsuit alleging Trump took illegal foreign gifts"
"Prior to Donald Trump's official bid for the White House, the Trump Organization secured a 60-year lease with the U.S. government to renovate a historic post office in Washington, D.C., into a luxury, mixed-use development. The arrangement presents ongoing concerns now that Donald Trump is the U.S. government's chief executive. His position as both landlord and tenant opens opportunities for self-dealing that could prioritize his business interests over government efficiency. Additionally, foreign dignitaries and business representatives may book hotel stays and events as a means of currying favor with the president. A contractual clause designed to avoid such conflicts of interest prevents any elected official from sharing or benefiting from the lease. Because Trump did not divest of his business interest upon taking office, he may be violating the contract. However, his interests as either landlord and tenant would not be served by terminating the lease.",Donald Trump,"Trump Old Post Office",Active, "CNN","https://www.cnn.com/2018/06/07/politics/court-case-emoluments-foreign-payments-federal-judge-trump-businesses/index.html","06/07/2018","Democratic lawmakers make their case in court to stop Trump business from accepting foreign payments"
"Prior to Donald Trump's official bid for the White House, the Trump Organization secured a 60-year lease with the U.S. government to renovate a historic post office in Washington, D.C., into a luxury, mixed-use development. The arrangement presents ongoing concerns now that Donald Trump is the U.S. government's chief executive. His position as both landlord and tenant opens opportunities for self-dealing that could prioritize his business interests over government efficiency. Additionally, foreign dignitaries and business representatives may book hotel stays and events as a means of currying favor with the president. A contractual clause designed to avoid such conflicts of interest prevents any elected official from sharing or benefiting from the lease. Because Trump did not divest of his business interest upon taking office, he may be violating the contract. However, his interests as either landlord and tenant would not be served by terminating the lease.",Donald Trump,"Trump Old Post Office",Active, "CNN","https://www.cnn.com/2018/06/11/politics/trump-emoluments-hearing/index.html","06/11/2018","Trump admin says Trump can profit from foreign hotel guests"
"Prior to Donald Trump's official bid for the White House, the Trump Organization secured a 60-year lease with the U.S. government to renovate a historic post office in Washington, D.C., into a luxury, mixed-use development. The arrangement presents ongoing concerns now that Donald Trump is the U.S. government's chief executive. His position as both landlord and tenant opens opportunities for self-dealing that could prioritize his business interests over government efficiency. Additionally, foreign dignitaries and business representatives may book hotel stays and events as a means of currying favor with the president. A contractual clause designed to avoid such conflicts of interest prevents any elected official from sharing or benefiting from the lease. Because Trump did not divest of his business interest upon taking office, he may be violating the contract. However, his interests as either landlord and tenant would not be served by terminating the lease.",Donald Trump,"Trump Old Post Office",Active, "Government Executive","http://m.govexec.com/excellence/promising-practices/2016/11/gsas-trump-hotel-lease-debacle/133424/","11/28/2016","GSA's Trump Hotel Lease Debacle"
"Prior to Donald Trump's official bid for the White House, the Trump Organization secured a 60-year lease with the U.S. government to renovate a historic post office in Washington, D.C., into a luxury, mixed-use development. The arrangement presents ongoing concerns now that Donald Trump is the U.S. government's chief executive. His position as both landlord and tenant opens opportunities for self-dealing that could prioritize his business interests over government efficiency. Additionally, foreign dignitaries and business representatives may book hotel stays and events as a means of currying favor with the president. A contractual clause designed to avoid such conflicts of interest prevents any elected official from sharing or benefiting from the lease. Because Trump did not divest of his business interest upon taking office, he may be violating the contract. However, his interests as either landlord and tenant would not be served by terminating the lease.",Donald Trump,"Trump Old Post Office",Active, "Huffington Post","http://www.huffingtonpost.com/entry/donald-trump-bahrain_us_583de2a5e4b0c33c8e1282d0?inyv55o07g8horms4i","11/29/2016","Bahrain To Hold Major Celebration At Donald Trump’s D.C. Hotel"
"Prior to Donald Trump's official bid for the White House, the Trump Organization secured a 60-year lease with the U.S. government to renovate a historic post office in Washington, D.C., into a luxury, mixed-use development. The arrangement presents ongoing concerns now that Donald Trump is the U.S. government's chief executive. His position as both landlord and tenant opens opportunities for self-dealing that could prioritize his business interests over government efficiency. Additionally, foreign dignitaries and business representatives may book hotel stays and events as a means of currying favor with the president. A contractual clause designed to avoid such conflicts of interest prevents any elected official from sharing or benefiting from the lease. Because Trump did not divest of his business interest upon taking office, he may be violating the contract. However, his interests as either landlord and tenant would not be served by terminating the lease.",Donald Trump,"Trump Old Post Office",Active, "MarketWatch","https://www.marketwatch.com/story/philippine-government-party-to-be-held-at-trumps-dc-hotel-2018-04-19","04/19/2018","Philippine government party to be held at Trump’s DC hotel"
"Prior to Donald Trump's official bid for the White House, the Trump Organization secured a 60-year lease with the U.S. government to renovate a historic post office in Washington, D.C., into a luxury, mixed-use development. The arrangement presents ongoing concerns now that Donald Trump is the U.S. government's chief executive. His position as both landlord and tenant opens opportunities for self-dealing that could prioritize his business interests over government efficiency. Additionally, foreign dignitaries and business representatives may book hotel stays and events as a means of currying favor with the president. A contractual clause designed to avoid such conflicts of interest prevents any elected official from sharing or benefiting from the lease. Because Trump did not divest of his business interest upon taking office, he may be violating the contract. However, his interests as either landlord and tenant would not be served by terminating the lease.",Donald Trump,"Trump Old Post Office",Active, "New York Times","https://www.nytimes.com/2016/12/21/business/economy/trump-organization-labor-unions-hotels.html","12/21/2016","Trump Organization Moves to Avoid Possible Conflicts of Interest"
"Prior to Donald Trump's official bid for the White House, the Trump Organization secured a 60-year lease with the U.S. government to renovate a historic post office in Washington, D.C., into a luxury, mixed-use development. The arrangement presents ongoing concerns now that Donald Trump is the U.S. government's chief executive. His position as both landlord and tenant opens opportunities for self-dealing that could prioritize his business interests over government efficiency. Additionally, foreign dignitaries and business representatives may book hotel stays and events as a means of currying favor with the president. A contractual clause designed to avoid such conflicts of interest prevents any elected official from sharing or benefiting from the lease. Because Trump did not divest of his business interest upon taking office, he may be violating the contract. However, his interests as either landlord and tenant would not be served by terminating the lease.",Donald Trump,"Trump Old Post Office",Active, "Newsweek","http://www.newsweek.com/ocasio-cortez-impeach-trump-997615?amp=1","06/27/2018","ALEXANDRIA OCASIO-CORTEZ SAYS DONALD TRUMP SHOULD BE IMPEACHED OVER EMOLUMENTS CLAUSE VIOLATIONS FROM DAY ONE OF HIS PRESIDENCY"
"Prior to Donald Trump's official bid for the White House, the Trump Organization secured a 60-year lease with the U.S. government to renovate a historic post office in Washington, D.C., into a luxury, mixed-use development. The arrangement presents ongoing concerns now that Donald Trump is the U.S. government's chief executive. His position as both landlord and tenant opens opportunities for self-dealing that could prioritize his business interests over government efficiency. Additionally, foreign dignitaries and business representatives may book hotel stays and events as a means of currying favor with the president. A contractual clause designed to avoid such conflicts of interest prevents any elected official from sharing or benefiting from the lease. Because Trump did not divest of his business interest upon taking office, he may be violating the contract. However, his interests as either landlord and tenant would not be served by terminating the lease.",Donald Trump,"Trump Old Post Office",Active, "ProPublica","https://www.propublica.org/article/political-and-taxpayer-spending-at-trump-properties-16-1-million","06/27/2018","We’ve Found $16.1 Million in Political and Taxpayer Spending at Trump Properties"
"Prior to Donald Trump's official bid for the White House, the Trump Organization secured a 60-year lease with the U.S. government to renovate a historic post office in Washington, D.C., into a luxury, mixed-use development. The arrangement presents ongoing concerns now that Donald Trump is the U.S. government's chief executive. His position as both landlord and tenant opens opportunities for self-dealing that could prioritize his business interests over government efficiency. Additionally, foreign dignitaries and business representatives may book hotel stays and events as a means of currying favor with the president. A contractual clause designed to avoid such conflicts of interest prevents any elected official from sharing or benefiting from the lease. Because Trump did not divest of his business interest upon taking office, he may be violating the contract. However, his interests as either landlord and tenant would not be served by terminating the lease.",Donald Trump,"Trump Old Post Office",Active, "WAMU","https://wamu.org/story/18/03/21/summons-issued-trump-emoluments-case/","03/21/2018","Summons Issued For Trump In Emoluments Case"
"Prior to Donald Trump's official bid for the White House, the Trump Organization secured a 60-year lease with the U.S. government to renovate a historic post office in Washington, D.C., into a luxury, mixed-use development. The arrangement presents ongoing concerns now that Donald Trump is the U.S. government's chief executive. His position as both landlord and tenant opens opportunities for self-dealing that could prioritize his business interests over government efficiency. Additionally, foreign dignitaries and business representatives may book hotel stays and events as a means of currying favor with the president. A contractual clause designed to avoid such conflicts of interest prevents any elected official from sharing or benefiting from the lease. Because Trump did not divest of his business interest upon taking office, he may be violating the contract. However, his interests as either landlord and tenant would not be served by terminating the lease.",Donald Trump,"Trump Old Post Office",Active, "Washington Post","https://www.washingtonpost.com/graphics/2018/politics/trump-hotel-events/?noredirect=on&utm_term=.e324edc7d621","05/04/2018","Tracking who is spending money at President Trump’s D.C. hotel"
"Prior to Donald Trump's official bid for the White House, the Trump Organization secured a 60-year lease with the U.S. government to renovate a historic post office in Washington, D.C., into a luxury, mixed-use development. The arrangement presents ongoing concerns now that Donald Trump is the U.S. government's chief executive. His position as both landlord and tenant opens opportunities for self-dealing that could prioritize his business interests over government efficiency. Additionally, foreign dignitaries and business representatives may book hotel stays and events as a means of currying favor with the president. A contractual clause designed to avoid such conflicts of interest prevents any elected official from sharing or benefiting from the lease. Because Trump did not divest of his business interest upon taking office, he may be violating the contract. However, his interests as either landlord and tenant would not be served by terminating the lease.",Donald Trump,"Trump Old Post Office",Active, "Washington Post","https://www.washingtonpost.com/local/public-safety/obscure-no-more-the-emoluments-clause-is-back-again-in-a-federal-court/2018/06/09/cf052832-6a72-11e8-9e38-24e693b38637_story.html?utm_term=.4e5171f2a016","06/12/2018","Trump can profit from foreign government business at his hotel if he doesn’t do favors in return, Justice Dept. argues"
"Prior to Donald Trump's official bid for the White House, the Trump Organization secured a 60-year lease with the U.S. government to renovate a historic post office in Washington, D.C., into a luxury, mixed-use development. The arrangement presents ongoing concerns now that Donald Trump is the U.S. government's chief executive. His position as both landlord and tenant opens opportunities for self-dealing that could prioritize his business interests over government efficiency. Additionally, foreign dignitaries and business representatives may book hotel stays and events as a means of currying favor with the president. A contractual clause designed to avoid such conflicts of interest prevents any elected official from sharing or benefiting from the lease. Because Trump did not divest of his business interest upon taking office, he may be violating the contract. However, his interests as either landlord and tenant would not be served by terminating the lease.",Donald Trump,"Trump Old Post Office",Active, "Washington Post","https://www.washingtonpost.com/politics/congressional-democrats-seek-ruling-against-trump-to-enforce-emoluments-clause/2018/06/07/2469538e-6a55-11e8-bea7-c8eb28bc52b1_story.html?utm_term=.d25a12693375","06/07/2018","Congressional Democrats seek ruling against Trump to enforce emoluments clause"
"Prior to Donald Trump's official bid for the White House, the Trump Organization secured a 60-year lease with the U.S. government to renovate a historic post office in Washington, D.C., into a luxury, mixed-use development. The arrangement presents ongoing concerns now that Donald Trump is the U.S. government's chief executive. His position as both landlord and tenant opens opportunities for self-dealing that could prioritize his business interests over government efficiency. Additionally, foreign dignitaries and business representatives may book hotel stays and events as a means of currying favor with the president. A contractual clause designed to avoid such conflicts of interest prevents any elected official from sharing or benefiting from the lease. Because Trump did not divest of his business interest upon taking office, he may be violating the contract. However, his interests as either landlord and tenant would not be served by terminating the lease.",Donald Trump,"Trump Old Post Office",Active, "Washington Post","https://www.washingtonpost.com/politics/jared-kushner-and-ivanka-trump-made-at-least-82-million-in-outside-income-last-year-while-serving-in-the-white-house-filings-show/2018/06/11/a41d0720-6dab-11e8-bd50-b80389a4e569_story.html?utm_term=.9b5baa8980b3","06/12/2018","Jared Kushner and Ivanka Trump made at least $82 million in outside income last year while serving in the White House, filings show"
"Prior to Donald Trump's official bid for the White House, the Trump Organization secured a 60-year lease with the U.S. government to renovate a historic post office in Washington, D.C., into a luxury, mixed-use development. The arrangement presents ongoing concerns now that Donald Trump is the U.S. government's chief executive. His position as both landlord and tenant opens opportunities for self-dealing that could prioritize his business interests over government efficiency. Additionally, foreign dignitaries and business representatives may book hotel stays and events as a means of currying favor with the president. A contractual clause designed to avoid such conflicts of interest prevents any elected official from sharing or benefiting from the lease. Because Trump did not divest of his business interest upon taking office, he may be violating the contract. However, his interests as either landlord and tenant would not be served by terminating the lease.",Donald Trump,"Trump Old Post Office",Active, "Washington Post","https://www.washingtonpost.com/politics/the-three-biggest-surprises-in-the-trump-organizations-financial-filings/2018/05/21/db2f0420-5c94-11e8-9ee3-49d6d4814c4c_story.html?utm_term=.64de8850a39d","05/21/2018","The three biggest surprises in the Trump Organization’s financial filings"
"",Donald Trump,"Trump Organization Inc.",Active, "Bloomberg Politics","https://www.bloomberg.com/politics/articles/2016-11-22/trump-s-business-partner-will-be-manila-s-man-in-washington?cmpid=socialflow-twitter-business&amp;utm_content=business&amp;utm_campaign=socialflow-organic&amp;utm_source=twitter&amp;utm_medium=social","11/22/2016","Trump’s Business Partner Will Be Manila’s Man in Washington"
"",Donald Trump,"Trump Organization Inc.",Active, "Citizens for Responsibility and Ethics in Washington (CREW)","https://sunlightfoundation.com/2018/02/02/this-week-in-conflicts-of-interest-a-resignation-disclosure-required-and-a-chance-to-meet-donald-trump-jr/","01/25/2018","TRUMP INC: A CHRONICLE OF PRESIDENTIAL CONFLICTS"
"",Donald Trump,"Trump Organization Inc.",Active, "CNN","http://money.cnn.com/2017/01/23/news/donald-trump-resigns-business/","01/23/2017","Trump Organization documents say he has resigned from more than 400 businesses"
"",Donald Trump,"Trump Organization Inc.",Active, "CNN","http://money.cnn.com/2018/06/11/news/ivanka-trump-jared-kushner-finances/index.html","06/11/1028","Ivanka Trump and Jared Kushner detail vast wealth: Real estate, fashion and investments"
"",Donald Trump,"Trump Organization Inc.",Active, "Construction Week Online","http://www.constructionweekonline.com/article-49557-cscec-lands-19m-damac-contract-for-dubais-akoya-oxygen/","06/10/2018","CSCEC lands $19m Damac contract for Dubai's Akoya Oxygen"
"",Donald Trump,"Trump Organization Inc.",Active, "Daily Beast","https://amp.thedailybeast.com/trump-org-gifts-treasury-dollar150k-in-foreign-government-emoluments","04/18/2018","Trump Org ‘Gifts’ Treasury $150K in Foreign ‘Emoluments’"
"",Donald Trump,"Trump Organization Inc.",Active, "Fast Company","https://www.fastcompany.com/40526424/trump-organization-revives-project-in-dominican-republic-roiling-local-politics","02/07/2018","Trump Organization Revives Project In Dominican Republic, Roiling Local Politics"
"",Donald Trump,"Trump Organization Inc.",Active, "Forbes","https://www.forbes.com/trump-tenants/#4fcc6c891d32","02/13/2018","Landlord-in-Chief"
"",Donald Trump,"Trump Organization Inc.",Active, "Fox News","http://www.foxnews.com/politics/2018/02/21/trump-jr-steals-spotlight-from-canadas-trudeau-as-india-visits-coincide.html","02/20/2018","Trump Jr. steals spotlight from Canada's Trudeau as India visits coincide"
"",Donald Trump,"Trump Organization Inc.",Active, "McClatchy","http://www.mcclatchydc.com/article204578309.html","03/12/2018","Ivanka Trump never cut ties with the Trump Organization. That’s turned into a problem."
"",Donald Trump,"Trump Organization Inc.",Active, "McClatchy","http://www.mcclatchydc.com/news/politics-government/white-house/article172443417.html","09/01/2017","Trump promised not to work with foreign entities. His company just did"
"",Donald Trump,"Trump Organization Inc.",Active, "McClatchy","http://www.mcclatchydc.com/news/politics-government/white-house/article210477439.html","06/19/2018","Buyers tied to Russia, former Soviet republics paid $109 million cash for Trump properties"
"",Donald Trump,"Trump Organization Inc.",Active, "McClatchy","https://www.mcclatchydc.com/news/nation-world/article213846794.html","06/26/2018","The winding money trail from Kazakhstan to Trump SoHo"
"",Donald Trump,"Trump Organization Inc.",Active, "New York Times","https://mobile.nytimes.com/2018/03/10/business/trumps-kushners-hotel-deals.html?referer=https://amp-cnn-com.cdn.ampproject.org/c/s/amp.cnn.com/cnn/2018/03/11/politics/new-york-times-jared-kushner-donald-trump-hotel/index.html","03/10/2018","Out of Public View, Trumps and Kushners Are Talking Business"
"",Donald Trump,"Trump Organization Inc.",Active, "New York Times","https://mobile.nytimes.com/2018/06/21/business/trumps-kushners-end-hotel-deals.html","06/21/2018","Trumps and Kushners Cut Ties on Hotel Deals That Raised Eyebrows"
"",Donald Trump,"Trump Organization Inc.",Active, "New York Times","https://mobile.nytimes.com/2018/06/24/us/politics/trump-challenge-coins.html?hp&action=click&pgtype=Homepage&clickSource=story-heading&module=first-column-region&region=top-news&WT.nav=top-news","06/24/2018","Trump Leaves His Mark on a Presidential Keepsake"
"",Donald Trump,"Trump Organization Inc.",Active, "New York Times","https://www.nytimes.com/2016/08/21/us/politics/donald-trump-debt.html","08/20/2016","Trump’s Empire: A Maze of Debts and Opaque Ties"
"",Donald Trump,"Trump Organization Inc.",Active, "New York Times","https://www.nytimes.com/2016/11/06/us/politics/donald-trump-business-tax-records.html?mtrref=undefined","11/05/2016","Thin Line Splits Donald Trump's Politics and Businesses"
"",Donald Trump,"Trump Organization Inc.",Active, "New York Times","https://www.nytimes.com/2016/12/21/business/economy/trump-organization-labor-unions-hotels.html","12/21/2016","Trump Organization Moves to Avoid Possible Conflicts of Interest"
"",Donald Trump,"Trump Organization Inc.",Active, "Newsweek","http://www.newsweek.com/if-trump-organization-launches-dominican-republic-projects-it-could-be-grounds-801765","02/10/2018","TRUMP ORGANIZATION'S DOMINICAN REPUBLIC PROJECTS COULD BE GROUNDS FOR IMPEACHMENT: EXPERTS"
"",Donald Trump,"Trump Organization Inc.",Active, "Newsweek","http://www.newsweek.com/ocasio-cortez-impeach-trump-997615?amp=1","06/27/2018","ALEXANDRIA OCASIO-CORTEZ SAYS DONALD TRUMP SHOULD BE IMPEACHED OVER EMOLUMENTS CLAUSE VIOLATIONS FROM DAY ONE OF HIS PRESIDENCY"
"",Donald Trump,"Trump Organization Inc.",Active, "NPR","http://www.npr.org/sections/parallels/2016/11/22/502895797/whos-the-new-philippine-envoy-the-man-building-trump-tower-manila","11/22/2016","Who's The New Philippine Envoy? The Man Building Trump Tower Manila"
"",Donald Trump,"Trump Organization Inc.",Active, "NPR","https://www.npr.org/2018/06/12/619101573/ivanka-trump-and-jared-kushner-earned-more-than-80-million-last-year-filings-sho","06/12/2018","Ivanka Trump And Jared Kushner Earned More Than $80 Million Last Year, Filings Show"
"",Donald Trump,"Trump Organization Inc.",Active, "Press Release","https://www.damacproperties.com/en/media-centre/press-releases/damac-awards-infrastructure-works-contract-at-akoya-oxygen-to-cscec-as-construction-spend","06/10/2018","DAMAC awards infrastructure works contract at AKOYA Oxygen to CSCEC as construction spend tops AED 5.6 billion"
"",Donald Trump,"Trump Organization Inc.",Active, "ProPublica","https://www.propublica.org/article/political-and-taxpayer-spending-at-trump-properties-16-1-million","06/27/2018","We’ve Found $16.1 Million in Political and Taxpayer Spending at Trump Properties"
"",Donald Trump,"Trump Organization Inc.",Active, "Reuters","https://www.reuters.com/article/us-usa-trump-argentina/trump-organization-says-it-has-no-plans-to-build-buenos-aires-tower-idUSKBN14N1W7","01/04/2017","Trump Organization says it has no plans to build Buenos Aires tower"
"",Donald Trump,"Trump Organization Inc.",Active, "Taiwan News","https://www.taiwannews.com.tw/en/news/3031091","11/16/2016","Trump wants to expand business empire to Taiwan, creating another potential conflict of interest"
"",Donald Trump,"Trump Organization Inc.",Active, "Washington Post","https://www.washingtonpost.com/news/wonk/wp/2016/09/30/trumps-unthinkable-conflict-millions-in-debts-to-german-bank-now-facing-federal-fines/?utm_term=.66663f022cff","09/13/2016","Trump’s unusual conflict: Millions in debts to German bank now facing federal fines"
"",Donald Trump,"Trump Organization Inc.",Active, "Washington Post","https://www.washingtonpost.com/politics/congressional-democrats-seek-ruling-against-trump-to-enforce-emoluments-clause/2018/06/07/2469538e-6a55-11e8-bea7-c8eb28bc52b1_story.html?utm_term=.d25a12693375","06/07/2018","Congressional Democrats seek ruling against Trump to enforce emoluments clause"
"",Donald Trump,"Trump Organization Inc.",Active, "Washington Post","https://www.washingtonpost.com/politics/inside-trumps-financial-ties-to-russia-and-his-unusual-flattery-of-vladimir-putin/2016/06/17/dbdcaac8-31a6-11e6-8ff7-7b6c1998b7a0_story.html?utm_term=.58393114f26e","06/17/2016","Inside Trump’s financial ties to Russia and his unusual flattery of Vladimir Putin"
"",Donald Trump,"Trump Organization Inc.",Active, "Washington Post","https://www.washingtonpost.com/politics/jared-kushner-and-ivanka-trump-made-at-least-82-million-in-outside-income-last-year-while-serving-in-the-white-house-filings-show/2018/06/11/a41d0720-6dab-11e8-bd50-b80389a4e569_story.html?utm_term=.9b5baa8980b3","06/12/2018","Jared Kushner and Ivanka Trump made at least $82 million in outside income last year while serving in the White House, filings show"
"",Donald Trump,"Trump Organization Inc.",Active, "Washington Post","https://www.washingtonpost.com/politics/trumps-presidency-overseas-business-deals-and-relations-with-foreign-governments-could-all-become-intertwined/2016/11/25/d2bc83f8-b0e2-11e6-8616-52b15787add0_story.html?utm_term=.6474a90a3947","11/25/2016","Trump’s presidency, overseas business deals and relations with foreign governments could all become intertwined"
"",Donald Trump,"Trump Organization Inc.",Active, "Washington Post","https://www.washingtonpost.com/world/trump-jr-to-give-foreign-policy-speech-while-on-unofficial-business-trip-to-india/2018/02/19/37d00c37-d9e8-40c4-934b-0a26b8160dcd_story.html?utm_term=.8a66e23946b3","02/19/2018","Trump Jr. to give foreign policy speech while on ‘unofficial’ business trip to India"
"",Donald Trump,"Trump Panama Condominium",Active, "Associated Press","https://www.apnews.com/ce4dbdd4446c4862bb9c483425554c67/Trump-officials-fight-eviction-from-Panama-hotel-they-manage","02/24/2018","Trump officials fight eviction from Panama hotel they manage"
"",Donald Trump,"Trump Panama Condominium",Active, "Business Insider","http://www.businessinsider.com/trump-organization-panama-hotel-conflict-2018-3","03/03/2018","Ethics experts say their fear has been realized as Trump faces one of his most consequential conflicts of interest yet"
"",Donald Trump,"Trump Panama Condominium",Active, "Washington Post","https://www.washingtonpost.com/business/economy/a-scramble-to-assess-the-dangers-of-president-elects-global-business-empire/2016/11/20/1bbdc2a2-ad18-11e6-a31b-4b6397e625d0_story.html","11/20/2016","A scramble to assess the dangers of President-elect Donald Trump’s global business empire"
"",Donald Trump,"Trump Panama Hotel Management",Active, "Associated Press","https://www.apnews.com/ce4dbdd4446c4862bb9c483425554c67/Trump-officials-fight-eviction-from-Panama-hotel-they-manage","02/24/2018","Trump officials fight eviction from Panama hotel they manage"
"",Donald Trump,"Trump Panama Hotel Management",Active, "Business Insider","http://www.businessinsider.com/trump-organization-panama-hotel-conflict-2018-3","03/03/2018","Ethics experts say their fear has been realized as Trump faces one of his most consequential conflicts of interest yet"
"",Donald Trump,"Trump Panama Hotel Management",Active, "Washington Post","https://www.washingtonpost.com/business/economy/a-scramble-to-assess-the-dangers-of-president-elects-global-business-empire/2016/11/20/1bbdc2a2-ad18-11e6-a31b-4b6397e625d0_story.html","11/20/2016","A scramble to assess the dangers of President-elect Donald Trump’s global business empire"
"",Donald Trump,"Trump Scotland",Active, "New York Times","https://www.nytimes.com/2016/11/26/us/politics/donald-trump-international-business.html?_r=1","11/26/2016","Potential Conflicts Around the Globe for Trump, the Businessman President"
"",Donald Trump,"Trump Scotland",Active, "Washington Post","https://www.washingtonpost.com/business/economy/a-scramble-to-assess-the-dangers-of-president-elects-global-business-empire/2016/11/20/1bbdc2a2-ad18-11e6-a31b-4b6397e625d0_story.html","11/20/2016","A scramble to assess the dangers of President-elect Donald Trump’s global business empire"
"",Donald Trump,"Trump Scotland",Active, "Washington Post","https://www.washingtonpost.com/politics/the-three-biggest-surprises-in-the-trump-organizations-financial-filings/2018/05/21/db2f0420-5c94-11e8-9ee3-49d6d4814c4c_story.html?utm_term=.64de8850a39d","05/21/2018","The three biggest surprises in the Trump Organization’s financial filings"
"",Donald Trump,"Trump Scotland",Active, "Washington Post","https://www.washingtonpost.com/politics/trumps-presidency-overseas-business-deals-and-relations-with-foreign-governments-could-all-become-intertwined/2016/11/25/d2bc83f8-b0e2-11e6-8616-52b15787add0_story.html?utm_term=.6474a90a3947","11/25/2016","Trump’s presidency, overseas business deals and relations with foreign governments could all become intertwined"
"",Donald Trump,"Trump Soho",Active, "McClatchy","https://www.mcclatchydc.com/news/nation-world/article213846794.html","06/26/2018","The winding money trail from Kazakhstan to Trump SoHo"
"",Donald Trump,"Trump Toronto Development",Active, "Washington Post","https://www.washingtonpost.com/business/economy/a-scramble-to-assess-the-dangers-of-president-elects-global-business-empire/2016/11/20/1bbdc2a2-ad18-11e6-a31b-4b6397e625d0_story.html","11/20/2016","A scramble to assess the dangers of President-elect Donald Trump’s global business empire"
"",Donald Trump,"Trump Toronto Hotel",Active, "Washington Post","https://www.washingtonpost.com/business/economy/a-scramble-to-assess-the-dangers-of-president-elects-global-business-empire/2016/11/20/1bbdc2a2-ad18-11e6-a31b-4b6397e625d0_story.html","11/20/2016","A scramble to assess the dangers of President-elect Donald Trump’s global business empire"
"",Donald Trump,"Trump Toronto Member (Formerly Trump Toronto Management)",Active, "Washington Post","https://www.washingtonpost.com/business/economy/a-scramble-to-assess-the-dangers-of-president-elects-global-business-empire/2016/11/20/1bbdc2a2-ad18-11e6-a31b-4b6397e625d0_story.html","11/20/2016","A scramble to assess the dangers of President-elect Donald Trump’s global business empire"
"",Donald Trump,"Trump Tower Commercial",Active, "Forbes","https://www.forbes.com/trump-tenants/#4fcc6c891d32","02/13/2018","Landlord-in-Chief"
"",Donald Trump,"Trump Tower Commercial",Active, "ProPublica","https://www.propublica.org/article/political-and-taxpayer-spending-at-trump-properties-16-1-million","06/27/2018","We’ve Found $16.1 Million in Political and Taxpayer Spending at Trump Properties"
"",Donald Trump,"Trump Tower Commercial",Active, "The Guardian","https://www.theguardian.com/us-news/2018/may/04/trump-qatar-buys-apartment-new-york-tower","05/04/2018","Trump set to benefit as Qatar buys $6.5m apartment in New York tower"
"",Donald Trump,"Trump Tower Condominium Residential Section",Active, "McClatchy","http://www.mcclatchydc.com/news/politics-government/white-house/article210477439.html","06/19/2018","Buyers tied to Russia, former Soviet republics paid $109 million cash for Trump properties"
"",Donald Trump,"Trump Tower Condominium Residential Section",Active, "The Guardian","https://www.theguardian.com/us-news/2018/may/04/trump-qatar-buys-apartment-new-york-tower","05/04/2018","Trump set to benefit as Qatar buys $6.5m apartment in New York tower"
"",Donald Trump,"Trump Tower Managing Member",Active, "Forbes","https://www.forbes.com/trump-tenants/#4fcc6c891d32","02/13/2018","Landlord-in-Chief"
"",Donald Trump,"Trump Tower Managing Member",Active, "McClatchy","http://www.mcclatchydc.com/news/politics-government/white-house/article210477439.html","06/19/2018","Buyers tied to Russia, former Soviet republics paid $109 million cash for Trump properties"
"",Donald Trump,"Trump Tower Managing Member",Active, "The Guardian","https://www.theguardian.com/us-news/2018/may/04/trump-qatar-buys-apartment-new-york-tower","05/04/2018","Trump set to benefit as Qatar buys $6.5m apartment in New York tower"
"According to Trump’s May 2016 Federal Election Commission filing, which provides a range of values for each of his stock holdings, he owns anywhere from $500,000 to $1 million worth of shares each in Citigroup, JP Morgan Chase , Wells Fargo, Morgan Stanley and Goldman Sachs -- in other words, five of the famous “big six” banks.",Jared Kushner,"Wells Fargo",Active, "Forbes","https://www.forbes.com/sites/jenniferwang/2016/11/29/trumps-stock-portfolio-big-oil-big-banks-and-more-foreign-connections/#30d204ea464e","11/29/2016","Trump's Stock Portfolio: Big Oil, Big Banks And More Foreign Connections"
"According to Trump’s May 2016 Federal Election Commission filing, which provides a range of values for each of his stock holdings, he owns anywhere from $500,000 to $1 million worth of shares each in Citigroup, JP Morgan Chase , Wells Fargo, Morgan Stanley and Goldman Sachs -- in other words, five of the famous “big six” banks.",Jared Kushner,"Morgan Stanley",Active, "Forbes","https://www.forbes.com/sites/jenniferwang/2016/11/29/trumps-stock-portfolio-big-oil-big-banks-and-more-foreign-connections/#30d204ea464e","11/29/2016","Trump's Stock Portfolio: Big Oil, Big Banks And More Foreign Connections"
"According to Trump’s May 2016 Federal Election Commission filing, which provides a range of values for each of his stock holdings, he owns anywhere from $500,000 to $1 million worth of shares each in Citigroup, JP Morgan Chase , Wells Fargo, Morgan Stanley and Goldman Sachs -- in other words, five of the famous “big six” banks.",Jared Kushner,"Goldman Sachs",Active, "Forbes","https://www.forbes.com/sites/jenniferwang/2016/11/29/trumps-stock-portfolio-big-oil-big-banks-and-more-foreign-connections/#30d204ea464e","11/29/2016","Trump's Stock Portfolio: Big Oil, Big Banks And More Foreign Connections"
"Despite campaigning on the pledge of “taking on big businesses,” Trump own shares in big pharma companies including Pfizer, Merck, Celgene and GlaxoSmithKline; retailer Walmart, and consumer goods firms Procter & Gamble and Johnson & Johnson. He also hold stakes in a variety of multinational oil companies like Shell, Chevron and Exxon Mobil.",Jared Kushner,"Exxon Mobil",Active, "Forbes","https://www.forbes.com/sites/jenniferwang/2016/11/29/trumps-stock-portfolio-big-oil-big-banks-and-more-foreign-connections/#30d204ea464e","11/29/2016","Trump's Stock Portfolio: Big Oil, Big Banks And More Foreign Connections"